{
    "trial_id": 22,
    "parameters": {
        "hidden_dim": 255,
        "num_layers": 1,
        "dropout": 0.24301680239737836,
        "sequence_length": 30,
        "batch_size": 39,
        "learning_rate": 0.0011864165353141628
    },
    "metrics": {
        "train_loss": [
            0.08087166921954322,
            0.22230177125882458,
            0.36765217312618653,
            0.39300003965194047,
            0.47991815136198884,
            0.5730018168230095,
            0.5656209269559194,
            0.4429164443932307,
            0.5853425282338989,
            0.7521696900554833,
            0.6318150064057116,
            0.6177507225990486,
            0.5606841755736718,
            0.5244445226427826,
            0.48171686899890365,
            0.444393268457381,
            0.45047297052843616,
            0.5855328032043343,
            0.5156371624146603,
            0.8250303741637137,
            0.6445527163108467,
            0.5717540797777474,
            0.4959109789707369,
            0.48133259399631995,
            0.39018096079702147,
            0.3178288965928765,
            0.29465671311692954,
            0.27709080745383735,
            0.2604632154287969,
            0.28722949599768943,
            0.29189982358804595,
            0.27719481188724177,
            0.29162811831211444,
            0.2686238419829328,
            0.25790852385265234,
            0.25348209740183,
            0.36564840608635596,
            0.35146693654708233,
            0.2861177096719397,
            0.2896118689604544,
            0.20990892018755736,
            0.2981182943089757
        ],
        "val_loss": [
            0.12997347771796205,
            0.10257009961272752,
            0.10266091334263956,
            0.10266780027350973,
            0.10258513495533003,
            0.10281677496959529,
            0.10268321656843736,
            0.10711957171027149,
            0.10409283724184784,
            0.10244489191691317,
            0.1016882104414796,
            0.09893223349566733,
            0.09655968781324133,
            0.1021885651363326,
            0.10055584973537378,
            0.10224459251714131,
            0.11570235462415786,
            0.0968442174502545,
            0.10673844910537203,
            0.10374948385629862,
            0.10201997325371301,
            0.09290138476247352,
            0.08430051421007467,
            0.07994800932734968,
            0.07880034345305628,
            0.07749425192910528,
            0.07472427476729665,
            0.07164178132153456,
            0.07401077703144106,
            0.06913961806733693,
            0.07288294738483807,
            0.07255005021653478,
            0.0787467983625238,
            0.07961154081341293,
            0.08252878457692171,
            0.07708886031593595,
            0.07761928939689246,
            0.0771498782175874,
            0.07443769833753033,
            0.07501438801723813,
            0.07331207642804773,
            0.07297331051871417
        ],
        "best_epoch": 29,
        "best_val_loss": 0.06913961806733693,
        "final_train_loss": 0.28722949599768943
    },
    "timestamp": "2025-02-21T07:28:04.201899"
}