{
    "trial_id": 7,
    "parameters": {
        "hidden_dim": 220,
        "num_layers": 1,
        "dropout": 0.19597135856669656,
        "sequence_length": 21,
        "batch_size": 54,
        "learning_rate": 0.002902270889975603
    },
    "metrics": {
        "train_loss": [
            0.08458413090010082,
            0.24353427172385067,
            0.246539468006325,
            0.23603117168308657,
            0.2532511643898901,
            0.1702301268713782,
            0.48988365019139885,
            0.23147789813434905,
            0.5236990053817229,
            0.27717175841105574,
            0.2015721418259365,
            0.23596001054205332,
            0.24649589628929305,
            0.230010533844886,
            0.21413051560629098,
            0.22654406977130828,
            0.21539210724786295
        ],
        "val_loss": [
            0.12837632770635307,
            0.10852507092723888,
            0.10642137959126442,
            0.10552973901291215,
            0.10730218926060295,
            0.10381443801350773,
            0.10398462830880095,
            0.10750025734231468,
            0.07892216921798767,
            0.06974640429936467,
            0.08514550130755183,
            0.07802461555582427,
            0.0872443399599029,
            0.07358524857295884,
            0.09106640976055393,
            0.08562701973058874,
            0.08332632878085687
        ],
        "best_epoch": 9,
        "best_val_loss": 0.06974640429936467,
        "final_train_loss": 0.27717175841105574
    },
    "timestamp": "2025-02-09T15:19:29.650785"
}