{
    "trial_id": 1,
    "parameters": {
        "hidden_dim": 256,
        "num_layers": 2,
        "dropout": 0.25,
        "sequence_length": 30,
        "batch_size": 64,
        "learning_rate": 0.0001
    },
    "metrics": {
        "train_loss": [
            0.09023389522022421,
            0.22513065240796237,
            0.2606285658234592,
            0.303780062209126,
            0.2718847451716428,
            0.29112681918692623,
            0.4125495270724503,
            0.3356484351645538,
            0.29309262415942167,
            0.27639737851552115,
            0.2508671816476826,
            0.2865367387562161,
            0.28534379981404107,
            0.25163036599019606,
            0.2573414889689453,
            0.23228667944097936,
            0.37466734163249943,
            0.28337126193095435,
            0.26479075837170163,
            0.23366240505978106,
            0.3028935275328122,
            0.2584115129051947,
            0.2747564662469007,
            0.3613915940504145,
            0.2484025387244308,
            0.2571646230463902,
            0.23522545791658736,
            0.23869167179444356,
            0.2458787853154972
        ],
        "val_loss": [
            0.09806701701193575,
            0.09231662388063139,
            0.09245601062263761,
            0.09103471904638268,
            0.07987188873960385,
            0.07941775318856041,
            0.07629698452702353,
            0.07552378114963335,
            0.07713820644550853,
            0.07054616946815735,
            0.07517689742177489,
            0.08122544408968044,
            0.07209358827344009,
            0.075996460534987,
            0.08587449656740304,
            0.07368835487831679,
            0.0650763512633386,
            0.07146470250768794,
            0.07738006996168267,
            0.07685853588498301,
            0.06906032843130921,
            0.07716909993203386,
            0.07050208103148237,
            0.06984817247305597,
            0.06720675931326926,
            0.07046632877595368,
            0.07144225506585032,
            0.0685170719429614,
            0.06835596853541949
        ],
        "best_epoch": 16,
        "best_val_loss": 0.0650763512633386,
        "final_train_loss": 0.37466734163249943
    },
    "timestamp": "2025-02-20T20:21:15.501275"
}