{
    "trial_id": 5,
    "parameters": {
        "hidden_dim": 258,
        "num_layers": 2,
        "dropout": 0.296373297177367,
        "sequence_length": 30,
        "gas_type": "ch4",
        "batch_size": 58,
        "learning_rate": 4.5218874942801945e-05
    },
    "metrics": {
        "train_loss": [
            0.47143544256890957,
            0.5738920857070149,
            0.5780648207454994,
            0.5769217865219588,
            0.5884839028641744,
            0.6001397392017608,
            0.5953097275256524,
            0.6000437573764139,
            0.5801875603790813,
            0.5669538805024857,
            0.5462385208694431,
            0.5430040758885688,
            0.5441515598144521,
            0.5353344609345466,
            0.5301216983376988,
            0.5339035364968348,
            0.5326353960876359,
            0.5280120787873082,
            0.5611291067446511,
            0.5454276389089827,
            0.5128629796219178,
            0.5438094316457991,
            0.5143481111052065,
            0.5132166035595621,
            0.5085465148971691,
            0.5027491016928881,
            0.501182030085515,
            0.5005267041142321,
            0.4930582881744144,
            0.5202824354591561,
            0.5019704994462284,
            0.4864177966787922,
            0.4775084965114423,
            0.47383189756072713,
            0.46950111284045015,
            0.4840973346989349,
            0.46762794366460986,
            0.4598777668155257
        ],
        "val_loss": [
            0.550441485493397,
            0.5599641421365529,
            0.5335312756328666,
            0.4849134542749017,
            0.4784660736502391,
            0.4959613774420135,
            0.4747710332633108,
            0.48238519926431145,
            0.4768024739733932,
            0.49222848497543087,
            0.5229732420303629,
            0.47434558024878576,
            0.5006830437308589,
            0.5109217416666268,
            0.5019461807002124,
            0.5248814275410817,
            0.483562493692733,
            0.4772325696778245,
            0.47232259183926445,
            0.4710889895094041,
            0.47208148979579856,
            0.47479049830454967,
            0.47074421847349185,
            0.47140010917473674,
            0.47314545629582727,
            0.4711011156472388,
            0.47213768494403074,
            0.47514171640773833,
            0.47457527339914957,
            0.47573495949710226,
            0.4768228414152592,
            0.4755700387598649,
            0.4758425184425692,
            0.4746819046413612,
            0.4743388454456298,
            0.47885958185211575,
            0.47912332523182133,
            0.4776061569020576
        ],
        "best_epoch": 22,
        "best_val_loss": 0.47074421847349185,
        "final_train_loss": 0.5143481111052065
    },
    "timestamp": "2025-02-24T13:08:05.907796"
}