{
    "trial_id": 7,
    "parameters": {
        "hidden_dim": 264,
        "num_layers": 2,
        "dropout": 0.2313281339937733,
        "sequence_length": 30,
        "batch_size": 59,
        "learning_rate": 0.00011918567312637057
    },
    "metrics": {
        "train_loss": [
            0.07669810227015444,
            0.2629244543069931,
            0.1592906334459947,
            0.31813322046996445,
            0.395751880103201,
            0.42089146732783084,
            0.4115853754347105,
            0.7100259383602915,
            0.6429094545148406,
            0.5726057374738253,
            0.3670914358417147,
            0.31984364834244594,
            0.26115103656741867,
            0.40025977362318277,
            0.4004955638931943,
            0.3528732012645786,
            0.29263392792593096,
            0.2920191841876615,
            0.28324278967182426,
            0.2813716209387913,
            0.2951099362531275,
            0.29776456662639383,
            0.29156378935482663,
            0.3086702394648686,
            0.2863392892679007,
            0.28518138338480953,
            0.3057057874874676,
            0.2659589115590606,
            0.37953562898135196,
            0.2749722963389584,
            0.2664538554950044,
            0.2802088806665718,
            0.26810578041331784,
            0.2714107539959723,
            0.27206759772503775,
            0.2660224253656062,
            0.2664123712388265,
            0.2505063573818571,
            0.24935632614189818,
            0.3480964201435412,
            0.2842481662842729,
            0.280447477472963,
            0.26851893138553684,
            0.26121861715525135,
            0.2549185421176807,
            0.249752096959334,
            0.25441835862843726,
            0.25551797528680137,
            0.2516323340198193,
            0.25169023607436347,
            0.24707745108744214,
            0.2533832355359498,
            0.25308260457379633,
            0.25345957095852345,
            0.2573525914484934,
            0.2576132722155036,
            0.25509765446268196,
            0.35678228807830875,
            0.27743756304226674,
            0.2524148450004918,
            0.2318131418815093,
            0.21840702618549426,
            0.2138701011874782,
            0.2804150245648621,
            0.19913084916166926,
            0.17156707637059623
        ],
        "val_loss": [
            0.10228213708818196,
            0.14581802934999505,
            0.10254488840906156,
            0.10563615798831932,
            0.10570814635545489,
            0.10449723304648484,
            0.10458763401423182,
            0.10289610038319277,
            0.1024966885542704,
            0.09251698839315582,
            0.0987296726783767,
            0.09330196247273494,
            0.07842613290404044,
            0.08004013740472378,
            0.07327391838743573,
            0.0706277620313423,
            0.07456358055184995,
            0.07038606258316173,
            0.07078682800074891,
            0.07142010131289088,
            0.06978948312915034,
            0.06976854956989724,
            0.07317474366771796,
            0.07088114932800332,
            0.07756153902423288,
            0.07832812669553928,
            0.07156312316951771,
            0.07081001231092073,
            0.06670632463185087,
            0.06884657194956191,
            0.06620654804070318,
            0.06766578003113705,
            0.06600936209369036,
            0.06648668886591044,
            0.0672509497534188,
            0.06771223573457627,
            0.06683056774061351,
            0.06677681258805687,
            0.06701183056991016,
            0.06753308582193558,
            0.06555406820649902,
            0.0650812887039686,
            0.0646864128801676,
            0.06460949650389097,
            0.06413298707366699,
            0.06444180649779145,
            0.06419878106948639,
            0.06461703031368199,
            0.06367514249499119,
            0.06359352322354439,
            0.06322483810492688,
            0.06409296342393472,
            0.0638341628783752,
            0.0637237427933585,
            0.06427633096981379,
            0.06456555536401178,
            0.06492146669872223,
            0.06717612292794954,
            0.06603961738033427,
            0.06611916545837644,
            0.06582603837910389,
            0.06568551456171369,
            0.06543346495618896,
            0.07107729975814148,
            0.07064620181918144,
            0.07037565880528991
        ],
        "best_epoch": 50,
        "best_val_loss": 0.06322483810492688,
        "final_train_loss": 0.24707745108744214
    },
    "timestamp": "2025-02-22T05:50:55.304200"
}