{
    "trial_id": 21,
    "parameters": {
        "hidden_dim": 253,
        "num_layers": 1,
        "dropout": 0.24208471449722244,
        "sequence_length": 35,
        "batch_size": 58,
        "learning_rate": 0.002308616508192184
    },
    "metrics": {
        "train_loss": [
            0.08056521375770258,
            0.21750668199526924,
            0.24623022630479072,
            0.43544330685536975,
            0.40621375110704677,
            0.400594363288481,
            0.4775142045481204,
            0.43177330385159657,
            0.5714633849788504,
            0.47696475214039735,
            0.4043732384292485,
            0.5352718652073025,
            0.45716627821091116,
            0.4486776377532422,
            0.37384284944577145,
            0.29894892703396647,
            0.28001777650546644,
            0.3252065836105793,
            0.1803558309137263,
            0.2922423684765737,
            0.23772608996554434,
            0.28479334629961006,
            0.2621077864675026,
            0.2351317386919196,
            0.2039107976436469,
            0.20041393405147667,
            0.19968973316095903,
            0.23151617847046926,
            0.20851932277269344,
            0.1922199771971358,
            0.2909507232339716,
            0.2687966873540956,
            0.26596975095585407,
            0.25216139243783525,
            0.24573010419230734,
            0.22906742313691444
        ],
        "val_loss": [
            0.12910885091516233,
            0.11157432831084681,
            0.11757105011788625,
            0.11395266828023726,
            0.1092951288232432,
            0.10651806886677467,
            0.1073804223348224,
            0.10586485457237041,
            0.10968616851161989,
            0.10563041353598238,
            0.10147119237642203,
            0.09581026769583187,
            0.10982018930778381,
            0.10604567004752065,
            0.09229902697815781,
            0.08348656143579218,
            0.08360090874401586,
            0.07278053085541442,
            0.07964497309118983,
            0.07467731479703198,
            0.09528701432670156,
            0.08377037711500648,
            0.09316013349841039,
            0.07100252464620603,
            0.08523460082148039,
            0.08988200682437136,
            0.08122813153184122,
            0.09489579266011124,
            0.08963735602825644,
            0.0847430450900916,
            0.080250565398721,
            0.08178966304228183,
            0.08120948750200489,
            0.08689030906821173,
            0.08327822133987432,
            0.07923768768530516
        ],
        "best_epoch": 23,
        "best_val_loss": 0.07100252464620603,
        "final_train_loss": 0.2351317386919196
    },
    "timestamp": "2025-02-21T06:44:04.270200"
}