{
    "trial_id": 2,
    "parameters": {
        "hidden_dim": 233,
        "num_layers": 2,
        "dropout": 0.2010212545793558,
        "sequence_length": 30,
        "gas_type": "sf6",
        "batch_size": 51,
        "learning_rate": 0.0008995724476952761
    },
    "metrics": {
        "train_loss": [
            0.033790382077023416,
            0.1515735141063455,
            0.17531769387004054,
            0.19270385907708992,
            0.20642461227415954,
            0.21847922430123334,
            0.22028452708349386,
            0.31316828653192813,
            0.32113451390622166,
            0.3393620850922194,
            0.38261328626228236,
            0.406195538501725,
            0.4101513091777363,
            0.6177982955741187,
            0.31229435257938226,
            0.4066717524737476
        ],
        "val_loss": [
            0.029087617310594668,
            0.03606448118257135,
            0.04606000122825011,
            0.048383698054601916,
            0.04659091641125899,
            0.04706523801527313,
            0.04738680535543559,
            0.06024291526016502,
            0.05832502389219715,
            0.05647835708254747,
            0.055269038353455126,
            0.06199377510740699,
            0.059426811674760806,
            0.04821437386389998,
            0.054755054859482254,
            0.052518802960843755
        ],
        "best_epoch": 0,
        "best_val_loss": 0.029087617310594668,
        "final_train_loss": 0.033790382077023416
    },
    "timestamp": "2025-02-27T16:15:24.323340"
}