{
    "trial_id": 24,
    "parameters": {
        "hidden_dim": 260,
        "num_layers": 2,
        "dropout": 0.20473599102374934,
        "sequence_length": 33,
        "batch_size": 38,
        "learning_rate": 0.006318598927279371
    },
    "metrics": {
        "train_loss": [
            0.08822475193469632,
            0.5380284971992396,
            0.6601859374723974,
            0.6961573763360412,
            0.7170351633305665,
            0.7243241134213263,
            0.7260426409707794,
            1.0614076367331804,
            0.9963419860347664,
            1.0002409612332308,
            1.0014082751959619,
            1.0017720126576266,
            1.0018874747026933
        ],
        "val_loss": [
            0.10645244086072558,
            0.10819037772995967,
            0.10926039303091192,
            0.11059823145143806,
            0.11111819260561513,
            0.11123828758958668,
            0.11128098329987436,
            0.14504234254478462,
            0.14703273879334566,
            0.14766243192263775,
            0.14786313304618473,
            0.14792701670279104,
            0.14794746523959532
        ],
        "best_epoch": 0,
        "best_val_loss": 0.10645244086072558,
        "final_train_loss": 0.08822475193469632
    },
    "timestamp": "2025-02-21T08:29:16.924421"
}