{
    "trial_id": 23,
    "parameters": {
        "hidden_dim": 253,
        "num_layers": 1,
        "dropout": 0.29259717130968693,
        "sequence_length": 33,
        "batch_size": 35,
        "learning_rate": 0.003619591143078396
    },
    "metrics": {
        "train_loss": [
            0.08613346413179702,
            0.24226946412253272,
            0.5692178333197127,
            0.2535945206770845,
            0.2743730395152413,
            0.257754186140951,
            0.3467809600760925,
            0.3347516220600613,
            0.4679622964042889,
            0.5078965958727031,
            0.5109286680369107,
            0.513880622156538,
            0.6221525815694922,
            0.2785194681548918,
            0.6306052744592342,
            0.3955756709400603,
            0.39230579238999935,
            0.37700434810109323,
            0.5771266178052531,
            0.36904535524413656,
            0.34062612326305397,
            0.29585149039271563,
            0.23558098806479516,
            0.4039054975207796,
            0.28135312000018065,
            0.36994662032053105,
            0.2726653674626638,
            0.32860007437174527,
            0.35170243937898965,
            0.2950936992751642,
            0.24859004146582345,
            0.37944881253005747,
            0.3003949985090179,
            0.33195338312976114,
            0.30528374927042196,
            0.3153376666364067,
            0.2843911173255849
        ],
        "val_loss": [
            0.145422117252435,
            0.1180681610989961,
            0.13598715316592938,
            0.10799461214374455,
            0.1074585051874497,
            0.1052546462591087,
            0.1029962566282068,
            0.10333724164418757,
            0.10095177787016071,
            0.10711327792174878,
            0.10886180540177202,
            0.11565695492890737,
            0.11186219026068492,
            0.10348420686103285,
            0.0783986943522616,
            0.07711695054220775,
            0.0761834459571493,
            0.08488010944177707,
            0.08705768887515343,
            0.086882730248192,
            0.08385740300670029,
            0.08039238667559057,
            0.07840513940457078,
            0.0900710431888463,
            0.06802190797669547,
            0.0780521194627952,
            0.07772396384841866,
            0.07923614488293727,
            0.07095132691578733,
            0.080906090866183,
            0.07410948993933816,
            0.07698608597237912,
            0.07389334613339059,
            0.08147270253135099,
            0.07563966925122909,
            0.07883788362248904,
            0.07403986312094189
        ],
        "best_epoch": 24,
        "best_val_loss": 0.06802190797669547,
        "final_train_loss": 0.28135312000018065
    },
    "timestamp": "2025-02-21T08:09:15.293623"
}