{
    "trial_id": 6,
    "parameters": {
        "hidden_dim": 268,
        "num_layers": 2,
        "dropout": 0.2556861293237737,
        "sequence_length": 31,
        "gas_type": "n2o",
        "batch_size": 74,
        "learning_rate": 0.0002535288981566709
    },
    "metrics": {
        "train_loss": [
            0.03305727035383134,
            0.2638626701370662,
            0.2701647321972639,
            0.29362968581465265,
            0.3328854573168276,
            0.3785357855863669,
            0.39150181722446875,
            0.5789914465254709,
            0.6216308277652058,
            0.6558438024920525,
            0.6781159125707149,
            0.6651911192111118,
            0.5366097485199983,
            0.559147052184458,
            0.7880044205195954,
            0.925029776478345,
            0.7390334778501029,
            0.45448970643516307,
            0.4262747922325205,
            0.45221116971994035,
            0.7448395769832913,
            0.766408928465122,
            0.7619269824968777,
            0.8623379901253017,
            0.5645806103783344,
            0.9625919084193572,
            1.1871294325383799,
            0.6876233397870763,
            0.6596510284560458,
            0.5556970607032016,
            0.353740780390807,
            0.47920448258316883,
            0.5472620584184124,
            0.7329247587604775,
            0.6079057540692583,
            0.9807523864276193,
            0.930303566961619,
            0.8922406021240635,
            0.8513890483204015,
            0.8290856296947826,
            0.8146488201063526,
            1.062601716339539,
            0.9821765868435891,
            0.9055543642838564
        ],
        "val_loss": [
            0.05550194388802192,
            0.06572041307248608,
            0.0679302575820008,
            0.06347339616614829,
            0.06857722862099166,
            0.07723799185293374,
            0.07799624082228684,
            0.05357358414908623,
            0.05457171890089994,
            0.05611842247711513,
            0.056043385992100014,
            0.05953420435536157,
            0.059897374945022036,
            0.061652642851949706,
            0.06666528382068404,
            0.05699073334316701,
            0.047237507078745765,
            0.047811136840057555,
            0.0591452062978654,
            0.043935665937057944,
            0.059816115672474426,
            0.057613060473537536,
            0.059816510619201506,
            0.07311972251333576,
            0.06701226487959204,
            0.05857078485197226,
            0.0696218072630643,
            0.054114888953013224,
            0.042803980788349495,
            0.04956169008617464,
            0.05375957535897658,
            0.05789470301031965,
            0.05868210072657761,
            0.05776857747537412,
            0.055224167318131026,
            0.06385984400417592,
            0.061949924316333525,
            0.06690380495492966,
            0.06775901825707596,
            0.06896808678872324,
            0.07101844923583467,
            0.07349256687374855,
            0.07613000433586868,
            0.08057807058528219
        ],
        "best_epoch": 28,
        "best_val_loss": 0.042803980788349495,
        "final_train_loss": 0.6596510284560458
    },
    "timestamp": "2025-02-25T01:30:04.920559"
}